customer_id,name,email,country,purchase_amount
2829,Amanda Rivera,moranchristopher@example.net,Albania,1483.01
5804,Brandi Casey,mmanning@example.org,Estonia,2832.95
6614,Gregory Bradley,wheelerkatrina@example.com,Senegal,7415.1
3928,Patricia Nelson,rebeccafigueroa@example.org,Grenada,1595.59
1142,Alicia Cherry,latoyabutler@example.com,Saint Lucia,8684.4
8080,Sandra Price,sarah76@example.net,Benin,7963.54
7347,Veronica Simmons,jacksonbrenda@example.com,Bosnia and Herzegovina,195.97
5369,Jennifer Carroll,ariana81@example.com,Ecuador,7713.93
5309,Jacqueline Craig,claysean@example.net,Congo,6976.2
9258,Jessica Webb,quinnlauren@example.net,Macao,6405.76
8359,Samantha Cooper,vaughncourtney@example.org,Western Sahara,3817.18
9188,Miguel Velazquez,jackortiz@example.com,Estonia,1037.63
5125,Thomas Yang,dwalters@example.org,Peru,2068.04
8237,Nicholas Wall,nmartinez@example.net,Lao People's Democratic Republic,4435.56
7487,Michelle Whitaker,hdixon@example.net,Korea,8872.82
1665,Mary Baker,nvasquez@example.org,Malawi,5875.08
6516,Kristen Miller,carolcox@example.org,United States Virgin Islands,4477.98
1813,Pamela Palmer,vkemp@example.org,Moldova,4699.8
7667,Jennifer Williams,moorejasmine@example.net,Kiribati,4313.12
8424,Carla Jones,cbarnes@example.org,Bangladesh,8964.37
3246,Timothy Hall,michaelthomas@example.net,Italy,7250.15
6274,Robert Brown,lisasanchez@example.net,Oman,4486.49
7734,Julia Williams,rcastro@example.net,Lao People's Democratic Republic,7717.25
8460,Brittney Whitaker,jenna08@example.net,Mexico,4111.46
2684,Johnny Allison,thompsonkyle@example.org,Martinique,6803.36
4940,Lisa Wright,robert54@example.org,Nicaragua,4361.39
7528,John Malone,orobinson@example.com,Mongolia,250.9
9693,Elizabeth Lopez,anna03@example.com,Argentina,5295.17
4761,Shawn Mclean,tanyagibson@example.org,Bosnia and Herzegovina,9720.67
4065,Mallory Ruiz,porteramy@example.org,Peru,4984.61
6682,Betty Martinez,vincent58@example.com,Guyana,7811.41
1244,Louis Daniels,vasquezmark@example.com,Malta,9101.01
8125,Chad Gilbert,davidsingleton@example.org,Taiwan,2509.79
6740,Jeremy Hayden,davenportheather@example.com,United States Minor Outlying Islands,8558.2
6405,Dakota Hayes,ctaylor@example.com,Niger,6273.51
1850,John Myers,gjones@example.org,Guinea-Bissau,4946.42
9487,Steven Wise,corey27@example.net,Zimbabwe,873.74
1094,Maria Hill,iday@example.com,French Guiana,8501.27
4918,Summer Bradley,juliadouglas@example.com,Oman,8044.75
1770,Susan Smith,kathryn22@example.com,Armenia,3574.71
1706,Eric Davis,emaldonado@example.net,Guinea,6612.62
1297,Megan Contreras,amanda84@example.net,Reunion,7084.15
4983,Tracy Mills,vroberts@example.net,Palestinian Territory,8773.93
5105,Charles Barry,martinezkevin@example.com,Armenia,1332.98
7809,Victor Hardy,xferguson@example.org,Trinidad and Tobago,6826.57
2524,Cathy Brown,msmall@example.net,France,2458.26
3154,Christian Edwards,kathrynrichardson@example.net,Iraq,6946.83
3109,Gary Webster,elizabeth39@example.net,Georgia,6322.67
4426,Jared Bernard,wayneswanson@example.org,Algeria,9820.22
2106,Elizabeth Thompson,jasonwells@example.net,United States Virgin Islands,141.09
1452,John Mccarthy,jeremy88@example.com,Saint Barthelemy,709.38
7922,Lisa Perez,vboyd@example.org,Liechtenstein,7452.08
2338,Frank Paul,kellylee@example.net,Macao,5706.89
9312,Karen Carlson,yriddle@example.net,Iraq,9750.93
3817,Peter Arroyo,john37@example.org,Cameroon,2213.43
6448,Anthony Gonzalez,elliottjoshua@example.org,Vanuatu,2526.03
5688,Benjamin Bauer,thompsonwilliam@example.net,Korea,2644.19
1276,Christopher Martinez,bridgesjodi@example.org,Ukraine,4673.96
3073,Rebecca Watkins,adam83@example.net,Mozambique,276.59
6890,Christopher Alexander,lisa55@example.org,New Caledonia,548.28
5229,Amanda Moreno,leeann@example.com,Bahrain,459.41
2520,Donald York,weaversara@example.org,Micronesia,2272.4
2319,Catherine Stanley,andre03@example.com,Christmas Island,3473.4
3273,Alexandra Bell,scottdavenport@example.org,Central African Republic,4248.49
8438,Kevin Harris,wnichols@example.com,Myanmar,9655.38
3656,Kristi Lucas,lwhite@example.org,Philippines,8072.0
3013,Lisa Norton,jeremy32@example.com,Uruguay,9944.46
3779,Rebecca Cooley,burtonsherri@example.net,Tanzania,9655.61
6741,Kevin Garrett,christineschwartz@example.com,Aruba,5616.25
9953,Elizabeth Moran,larrybrown@example.net,New Zealand,9633.47
5249,Andrew Mccoy,ballardkevin@example.net,Cambodia,3173.3
7016,Meagan Proctor,debbie01@example.net,Argentina,6842.16
6496,Karen Bowman,wagnercollin@example.net,French Polynesia,8396.98
9545,Cole Copeland,dwebb@example.org,Bahrain,9016.04
9246,Miguel Reynolds,derek88@example.com,Sri Lanka,9986.46
1328,Eric Anderson,aglenn@example.com,Djibouti,9446.83
5857,Adrian Wade,smiller@example.net,Saint Barthelemy,3993.75
6714,Amber Rogers,usmall@example.com,Holy See (Vatican City State),3663.63
9223,Gina Rodriguez,christian90@example.net,Andorra,2190.85
1477,Russell Underwood,rayjames@example.net,South Africa,3949.65
8863,Brendan Hopkins,cody30@example.org,Guatemala,8496.55
7666,Luis Moreno,ronaldjones@example.com,Cook Islands,2937.42
4233,Amy Cooper,stoneapril@example.net,Liechtenstein,7459.84
5453,Charles Johnson,jasonlee@example.com,Lebanon,8585.11
5860,Christopher Welch,qpowers@example.net,Saudi Arabia,2277.9
1479,Alan Black,cory82@example.net,Norway,5617.57
2126,William Adams,rstein@example.com,Namibia,8841.85
4595,Melissa Heath,kathyross@example.com,Barbados,3899.27
1977,Joe Franco,antoniosnyder@example.org,Algeria,8006.39
4873,Joshua Hendricks,srogers@example.com,Ecuador,495.01
7247,Priscilla Marks,qschneider@example.org,Honduras,1725.7
5285,Steven Johnson,patrickbush@example.net,Belize,4753.04
6105,Maria Shepherd,rowlandjudy@example.net,Brazil,9031.25
5183,Bryan Morgan,benjaminthompson@example.com,Congo,2431.41
9820,Benjamin Ramsey,andersonjason@example.com,Svalbard & Jan Mayen Islands,1732.11
4999,Justin Joseph,jessicajohnson@example.org,Guinea,6759.37
6149,Rebecca Robertson,sandersrandy@example.net,India,5814.07
9925,Dawn Smith,matthewbrooks@example.com,Tajikistan,3557.8
4581,Deanna Patterson,kimberly02@example.com,Belize,1247.43
3259,Joshua Doyle,cynthiahudson@example.org,Burundi,7433.58
3353,Terry George,ttucker@example.com,Paraguay,5963.28
5504,Jill Lopez,millermelissa@example.org,Vietnam,1228.56
5593,Laura Garcia,ericallen@example.com,Saint Vincent and the Grenadines,6250.65
8452,Thomas Smith,kellysanders@example.org,Puerto Rico,7153.73
1167,Marc Thompson,meyerseth@example.com,Paraguay,1054.55
9800,Robert Phillips,patricia37@example.com,Guam,5345.41
2014,Tamara Fields,andrewprice@example.net,Indonesia,4977.42
1853,Susan Morales,taylorchristopher@example.net,Saint Lucia,4498.87
5296,Maria Parrish,coxjonathan@example.org,Uzbekistan,8829.94
5551,Amanda Green,tjennings@example.net,Argentina,3823.17
2052,Emily Barber,spetersen@example.com,Chile,5567.15
9296,Christina Walker,carlysmith@example.net,Tokelau,1248.19
1205,James Mack,balljudy@example.net,Reunion,1134.48
3394,Michael Werner,eric50@example.net,Luxembourg,6780.6
1803,Jennifer Taylor,blaireric@example.org,French Polynesia,8871.0
2416,Samantha Wheeler,tcrane@example.com,Israel,856.49
9994,Jessica Gonzalez,williamskatherine@example.net,Morocco,5428.32
9677,Edward Thomas,lopezkristina@example.net,Christmas Island,4911.14
7387,Stephanie Arellano,gabrielmartinez@example.com,Iran,9449.67
6329,Glenda Hayes,lbrady@example.com,Anguilla,9894.18
2304,Paul Harris,andrew65@example.com,United Arab Emirates,8207.5
5891,Caitlin Rodriguez,ambershea@example.net,Zimbabwe,4757.87
1278,Dorothy Holmes,vsanders@example.org,Jersey,8387.03
2878,Michael Ware,danajoseph@example.com,Tanzania,9711.26
6053,William Fisher,lbarnett@example.com,Trinidad and Tobago,7673.47
2877,Joseph Garcia,monroedanielle@example.org,Montserrat,4530.22
3334,Kathryn Booker,jeremy99@example.org,Tunisia,5555.27
7824,Michael Turner,ymosley@example.net,France,2385.26
2765,James Johnston,rhondamartin@example.org,Gibraltar,9316.47
2928,Mark Miller,powerssamantha@example.net,New Caledonia,6362.73
9987,Barbara Fox,amartin@example.org,Morocco,9147.56
7948,Jean Meza,wsmith@example.com,Djibouti,2201.55
1655,Phillip Golden,christineglenn@example.net,Gibraltar,9626.45
7773,Tristan Jones,jillsanchez@example.net,Egypt,7923.32
8355,Connie Meza,stevensmith@example.com,Thailand,1822.42
5708,Krista Gutierrez,margaretgrant@example.com,Gabon,382.04
9604,Kyle Martin,juliejoyce@example.org,Zimbabwe,4780.49
3670,Jacqueline Barnes,vjohnson@example.net,Armenia,230.09
8334,Melissa Everett,sdyer@example.net,Turkey,5369.85
7545,Kirsten Guzman,cole64@example.org,Vanuatu,5740.47
6415,Briana Young,chapmanmichele@example.com,Rwanda,1754.95
6639,Scott Miller,nicolemurray@example.net,Mauritania,3333.8
7886,Jill Ayers,calebgeorge@example.net,Equatorial Guinea,2107.13
3833,William Smith,trobinson@example.com,Heard Island and McDonald Islands,9755.97
9019,Stefanie Summers,jeromepeterson@example.net,Monaco,1567.61
8349,Philip Cherry,georgesilva@example.net,Benin,3373.47
8048,Natasha Nelson,teresaevans@example.org,Dominican Republic,1836.57
4164,Sean Taylor,joel65@example.org,Jamaica,4144.43
2019,Daniel Russell,arnoldlouis@example.com,Central African Republic,8997.93
2995,Andrea Rodriguez,lyonsjoseph@example.org,Northern Mariana Islands,4671.42
9621,Jon Tucker,kirsten63@example.org,Guam,9353.15
7206,Bryan Diaz,qcrawford@example.net,Seychelles,8837.01
1617,Christopher Newman,jefferyshea@example.org,Thailand,2169.36
6264,Jacob Schroeder,icline@example.com,Honduras,7353.46
1387,Walter Thompson,jamescobb@example.com,Guadeloupe,6183.1
5551,Catherine Palmer,douglas77@example.net,Bermuda,8361.74
1030,James Johnson,debra27@example.net,Mauritania,6813.79
9016,April Cervantes,michaellewis@example.org,Morocco,123.12
8384,Kaitlyn Landry MD,john19@example.net,Malawi,7062.41
5820,Kristie Lambert,david69@example.org,Malaysia,1077.73
5234,Jill Webb,amber59@example.org,Mozambique,8934.4
3820,Brandy Taylor,brad89@example.org,Cyprus,907.44
1078,Charles Fuller,xdean@example.com,Algeria,9530.54
7984,Kristine Manning,jamesbaker@example.com,Uruguay,1998.0
9967,Monica Garcia,longleah@example.com,Kuwait,7405.31
9587,Chad Cook,dkennedy@example.com,United Kingdom,5928.22
9425,Karl Howard,christophercarney@example.org,Mexico,1028.02
9025,Mr. Justin Blake,debbie10@example.org,Namibia,2173.25
7729,Robert Martin,tiffanymckay@example.org,Angola,6583.43
3382,Maureen Martinez,qmartin@example.com,Heard Island and McDonald Islands,7533.68
5791,Katherine Macdonald,virginiasmith@example.net,United States of America,6836.73
2255,Douglas Peters,mark15@example.org,Eritrea,9509.75
5163,Anthony Hines,zkey@example.org,Italy,5658.24
1365,Troy Robinson,flarsen@example.net,Lithuania,9174.57
8595,Megan Hawkins,anthony40@example.org,Anguilla,9236.52
8074,Kathy Stone,robbinskyle@example.com,Australia,4158.63
4112,Kyle Mullins,watsontammy@example.com,Saint Vincent and the Grenadines,1558.37
9384,John Patterson,medinakimberly@example.com,Cayman Islands,3318.3
7348,Chelsea Smith,daniel71@example.net,Tanzania,3832.93
8487,Brandon Bridges,masonmichael@example.net,Gambia,5932.83
6107,Terri Maxwell,rodneymcguire@example.com,Lithuania,8846.26
9090,Ann Francis,clarkkristen@example.net,Philippines,5472.76
5429,Jennifer Carr,louishanson@example.com,Wallis and Futuna,8974.9
6602,Brandi Stephens,gonzalezjoseph@example.net,Brazil,4489.73
5926,Taylor Hunter,qarnold@example.net,Martinique,9528.3
4592,Isaac Davis,warnertodd@example.net,Azerbaijan,1016.84
5818,Jennifer Johnson,robertgutierrez@example.org,Kenya,2998.41
6231,Jesus Gibson,sergiodixon@example.net,Saint Martin,6552.9
7273,Susan Rice,nfuller@example.net,French Polynesia,2603.81
5713,Christine Henson,ariana10@example.org,Mayotte,8857.64
8881,Kathleen Cunningham,morrisonallison@example.net,Myanmar,5000.53
4774,Michelle Whitaker,bridget44@example.org,Montenegro,2820.48
5175,Theresa Harrison,kelly18@example.net,Kyrgyz Republic,1047.69
4971,Seth Campos,nathan08@example.net,Philippines,1145.0
8070,Jeffrey Bell,hallana@example.com,Wallis and Futuna,1335.46
9026,Richard Nichols,jenniferkelley@example.org,Uruguay,1462.94
9203,Anthony May,wnicholson@example.org,Pakistan,2952.06
8517,Andrew Watson,patricia64@example.org,Turkmenistan,834.89
3898,Tonya Johnson,jeremyhill@example.org,Peru,5587.65
4603,Tracy Wright,edwardsalison@example.net,Montenegro,2568.08
3002,Derek Hopkins,staceyortiz@example.net,Germany,1309.89
3921,Sean Wilson,susan29@example.com,Luxembourg,3252.12
4355,Holly Buckley,batesjohn@example.org,Slovenia,6284.84
6725,Kimberly Gamble,adamsbrianna@example.org,Svalbard & Jan Mayen Islands,2592.39
1564,Diana West,stevensrobert@example.org,Venezuela,3514.94
5900,Courtney Juarez,gregory99@example.org,Puerto Rico,3600.52
3778,Leslie Lindsey,carolynking@example.com,Puerto Rico,7935.8
8612,Emily Bauer,joseph65@example.org,Nicaragua,9197.58
3226,Brian Reyes,ojimenez@example.com,Niue,226.76
7459,Susan Strickland,candace43@example.org,Bhutan,224.84
1501,Katie Price,denise48@example.net,Netherlands,3273.15
2096,Stephanie Greer,kristin05@example.net,Bouvet Island (Bouvetoya),1035.76
6404,Valerie Mays,lindalin@example.org,Armenia,3597.75
2840,Matthew Fletcher,qglover@example.com,Liberia,6636.36
8110,Andrew Morales,timothydavis@example.com,Mongolia,2426.1
8965,Kenneth Rodriguez,weberjustin@example.net,Trinidad and Tobago,2810.51
2711,David Hernandez,david82@example.net,Antigua and Barbuda,4414.92
5468,James Miller,rskinner@example.com,Portugal,2572.88
6276,Cassandra Lewis,owenspamela@example.com,Uganda,3579.49
6947,Cody Sanchez,wpage@example.com,Bouvet Island (Bouvetoya),2048.81
8487,Joseph Snow,michelle96@example.com,Brunei Darussalam,8599.16
8654,Scott Morrison,jason64@example.net,Malaysia,1033.8
6149,Mark Simpson,tbrown@example.org,Saint Helena,9944.49
3397,Paul Bauer,uparsons@example.net,Greece,7946.46
9455,Carolyn Huff,scottrobin@example.net,Namibia,3116.27
2350,George Moore,uayala@example.net,Jersey,2170.94
7324,Brittany King,kelly21@example.org,New Caledonia,9231.43
7744,Stephen Bennett,tjohnson@example.org,Suriname,1647.35
3350,Amanda Stewart,lmartinez@example.com,Barbados,9027.28
6519,Jeffrey Green,jamespowell@example.net,Grenada,9227.1
2543,Timothy Black,carolynfowler@example.net,South Africa,776.59
4291,Matthew Turner,stephenskirsten@example.com,Croatia,4365.23
4022,Diana Li,wjones@example.com,Uzbekistan,9546.69
9021,Brittany Moore,dianewinters@example.com,Tuvalu,135.6
1927,Christopher Thompson,rebecca28@example.org,Grenada,5700.76
2640,Brandon Stevens,adrianharris@example.net,Congo,3676.44
7287,Stephen Hampton,rpena@example.net,Australia,2115.19
6596,Charles Cox,paulataylor@example.com,Ireland,4765.76
6958,Jason Campbell,christophercervantes@example.org,Sri Lanka,2855.06
7373,Laura Cooper MD,elizabethbennett@example.net,Namibia,6931.22
2089,Dawn Rodriguez,lisatorres@example.com,Peru,7814.16
6100,David Pierce,aalexander@example.net,Guadeloupe,3306.61
6483,Joseph Anderson,jeremy63@example.net,Montserrat,6271.41
5064,Bryan Harrison,cookdeanna@example.org,United States Virgin Islands,2735.97
3249,Timothy Chavez,jeffreyarroyo@example.net,Zambia,8490.99
9727,Debbie Dickson,shannon81@example.net,France,7354.62
7648,Austin Smith,paul36@example.org,Mexico,8138.74
9871,Alexis Benjamin,mcguirejames@example.com,Serbia,5965.81
6451,Desiree Dennis,xedwards@example.net,Congo,1222.07
6698,Deborah Soto,jacobslinda@example.net,Mexico,101.48
5168,Thomas Cooper,isnyder@example.org,Sao Tome and Principe,3643.62
6247,John Richardson,schaeferdana@example.com,Morocco,629.46
9418,Taylor Garcia,swilliams@example.org,Turks and Caicos Islands,7758.54
1353,Christopher Harper,robertajohnson@example.com,Indonesia,4004.44
3096,William Daniels,crawfordamanda@example.com,Djibouti,6727.75
1058,Aaron Simpson,ginaphelps@example.com,Myanmar,3370.35
5652,Louis Blankenship,lawsonwilliam@example.org,Australia,8962.43
6454,Patrick Williams,jake31@example.net,Albania,3147.19
1373,Rodney Velasquez,griffithshawn@example.com,Germany,1606.91
5835,Julie Adams,whurley@example.org,Burkina Faso,6770.91
5990,Michael Jones,wilsonnancy@example.org,Croatia,9628.99
1463,Brian Odonnell,alexanderangela@example.com,Nicaragua,8601.83
1004,Susan Carter DVM,danielbarnes@example.org,Bolivia,625.06
1624,Richard Newman,scottnatasha@example.com,Guinea,8138.72
3482,Mary Watson,cheryl15@example.net,Micronesia,2534.38
4310,Kevin Bishop,elopez@example.com,San Marino,2527.91
8163,Zachary Smith,monicahood@example.com,Myanmar,5750.65
1495,Catherine Cain,sean25@example.net,Australia,3585.83
3310,Cynthia Foster,mooreshannon@example.com,Uzbekistan,4686.14
1870,Christopher Cortez,jessesims@example.net,Kiribati,2912.44
8859,Danielle Mcintyre,rbriggs@example.org,Chile,8296.01
9441,Brett Murray,chelsea67@example.com,Albania,4715.31
6113,Pamela Mueller,david81@example.net,Kenya,7268.76
7557,Dr. Kimberly Williams,rebeccasoto@example.org,Uganda,2135.25
9945,Christopher Mcdonald,robert82@example.org,Somalia,5118.06
7786,Mary Ruiz,kellertroy@example.org,Saint Vincent and the Grenadines,5650.46
1160,Tracey Edwards,gdennis@example.com,Antigua and Barbuda,6125.75
5404,John Evans,stevensrebecca@example.org,Cameroon,231.85
6080,Tim Lewis,jstone@example.net,Greece,9731.59
1137,Laura Carpenter,steelejeffrey@example.com,Guinea,805.63
8542,Nicole Morales,burchrobert@example.com,Burkina Faso,6921.31
1985,Douglas Brown,lramirez@example.net,Guinea,4381.48
4689,Tara Collier,virginia49@example.com,French Southern Territories,9344.78
3558,Leslie Clark,willisamy@example.com,Argentina,5942.47
6827,Jamie Powell,hothomas@example.org,Iceland,932.37
5483,Angela Davis,watersdouglas@example.net,Kiribati,5172.55
2801,Kelly Stone,joshua40@example.com,Iraq,1121.59
9262,Cynthia Mcguire,boydtravis@example.org,Niue,4022.51
1607,Jennifer Vance,jmorris@example.com,Niue,236.04
1188,Julia Smith,pflynn@example.net,Tuvalu,6968.74
8272,Rachel Anderson,lisafletcher@example.org,Georgia,8906.73
9484,Ross Watts,travis20@example.com,Bermuda,7747.59
8163,Christine Willis,stephanie50@example.net,Lebanon,691.61
8726,Rachel Kramer,perezbrian@example.com,Hungary,2722.13
8382,Tammie Caldwell,hardysharon@example.com,Afghanistan,7963.41
8992,William Robinson,simonamy@example.com,Tuvalu,5360.31
3909,James Mullins,turnerleslie@example.org,Saint Lucia,7138.13
8278,Jonathan Marshall,jessicacoleman@example.com,Uruguay,7454.12
5126,Ryan Mayo,brendalopez@example.com,Bhutan,2384.57
8125,Edward Martin,vball@example.net,United States Minor Outlying Islands,7745.64
9052,Alexandra Walker,ashleystephens@example.net,American Samoa,307.96
7383,Mark Gonzalez,cynthiaharrington@example.com,Greece,3643.94
8284,Luis Ward,sullivanrenee@example.com,Azerbaijan,5592.36
3919,Sean Kane,brockjeffrey@example.org,Belgium,497.93
5942,Eddie Spears,joshuajohnson@example.com,Venezuela,8187.87
1822,Richard Floyd,thompsontravis@example.org,Sierra Leone,3252.06
2451,Courtney Haas,smithregina@example.net,Northern Mariana Islands,7670.58
5561,Lisa Shaw,amber74@example.com,Trinidad and Tobago,6105.92
3956,Donna Jones,kingjessica@example.com,Bouvet Island (Bouvetoya),2449.66
8900,Jason Watkins,jmoore@example.org,Madagascar,4130.88
5345,Ryan Wood,xmiller@example.org,Colombia,3065.6
6753,Timothy Rodriguez,susan60@example.com,South Georgia and the South Sandwich Islands,9088.98
5914,Kimberly Garner,fkim@example.net,Niue,7222.06
6006,Kristine Owens,maria80@example.org,Guam,3320.93
6923,Courtney Berry,oscar77@example.org,Bouvet Island (Bouvetoya),5289.89
2438,Joyce Williams,patriciawoods@example.org,Namibia,9174.37
1297,Troy Greene,lmosley@example.com,Chad,8192.64
5898,Scott Short,kpowell@example.org,Iceland,2039.7
2080,Charles Kim,leonard72@example.net,Western Sahara,9203.14
1922,Michael Stone,ericlittle@example.org,Romania,5164.54
1994,Melissa Payne,kristygibbs@example.org,Burundi,1666.84
8286,Michael Moon,rebeccaroberts@example.com,Syrian Arab Republic,2831.54
5235,John Hawkins,fritzdavid@example.org,Cape Verde,1522.63
6149,Carlos Davis,ortizadam@example.com,Reunion,9957.27
6603,Brian Butler,matthew48@example.com,Saudi Arabia,7662.21
4275,Erika Knox,bcarpenter@example.net,Mongolia,3157.36
4991,Sara George,wadekarina@example.com,Antigua and Barbuda,3288.19
4771,Amy Barrera,darrellgonzalez@example.org,Costa Rica,4236.65
7189,Ashley Rios,ywyatt@example.org,Saint Helena,520.75
6546,Monica Burnett,atkinsonduane@example.com,Iraq,9700.61
7266,Frank Hernandez,qbishop@example.com,Tuvalu,2077.16
6407,Anthony Moyer,boydmitchell@example.net,El Salvador,2129.89
5200,Luis Lewis MD,hkeller@example.org,Ghana,5865.21
6687,Gregory Gonzalez,pgaines@example.org,Moldova,929.51
8656,Teresa Castillo,christopherowens@example.org,Namibia,4351.31
7951,Lauren Smith,paul70@example.com,Switzerland,9108.68
6353,Nicholas Rice,aimeerobinson@example.org,Liechtenstein,4815.0
9766,Traci Parker,andrewgarner@example.net,Romania,2276.89
1674,April Robles,heatherlewis@example.com,Saint Pierre and Miquelon,7183.57
8028,Danielle Cortez,barbarasmith@example.org,Armenia,4966.07
2380,Timothy Crawford,kellyrobert@example.net,Turks and Caicos Islands,8992.71
2858,Jessica Alexander,michaelcarter@example.org,Tuvalu,6020.15
9633,Alejandro Davis,lopezrandy@example.org,Iraq,9387.4
3226,Jorge Mosley,ucordova@example.net,British Virgin Islands,8334.83
2320,Monica Liu,russellrobert@example.org,Korea,9457.25
2765,Craig Moore,stanley18@example.net,Cuba,7107.92
5705,Omar Foster,maria06@example.net,Liechtenstein,2433.3
5951,Joe Kemp,ijimenez@example.com,Hungary,5018.43
9832,Mr. Kyle Gregory,ronniehernandez@example.net,Ecuador,2175.24
1113,Kelly Taylor,kwhite@example.net,Ukraine,7949.67
9398,Kim Fields,sheilawright@example.org,Azerbaijan,8880.79
1299,Shawn Lawrence,meagancooper@example.net,Spain,5326.94
8839,Samuel Johnson,kwhite@example.com,Guinea-Bissau,1314.54
9928,James Davenport,hmorgan@example.net,Latvia,5114.46
8926,Jeremy Martin,rose83@example.org,Faroe Islands,9947.1
6603,Joseph Johnson,otran@example.net,Tuvalu,8593.09
5521,Jesus Murphy,lboyd@example.com,Iran,2578.34
3884,Ashley Strong,mikayla68@example.org,French Polynesia,689.27
2374,James Garcia,mnoble@example.net,Anguilla,6778.18
3433,Amy Hernandez,andrearamirez@example.com,Sudan,4687.33
4118,Glen Cole,william33@example.com,South Georgia and the South Sandwich Islands,836.41
3401,Shari Walker,phillipsdavid@example.org,American Samoa,6081.36
8232,Caroline Gonzalez,sabrinazamora@example.com,Gabon,8948.8
8342,Oscar Cox,oliviahooper@example.org,Russian Federation,7728.15
7993,Karla Rice,matthewstevenson@example.org,Georgia,3106.5
1970,Kristine Hunt,patriciataylor@example.net,Faroe Islands,9351.12
9703,Tamara Brady,kathy18@example.net,Dominican Republic,5106.75
1245,Michael Thomas,ascott@example.net,American Samoa,4326.37
5508,Angela Turner,patricia65@example.org,New Zealand,844.15
9951,Catherine Ramirez,frankrios@example.com,Benin,8282.38
3783,Kyle Floyd,yfuller@example.com,Burkina Faso,2055.64
9872,Richard Warren,zburke@example.org,Comoros,331.24
9801,Paul Bryant,hwolfe@example.com,Norway,6461.43
9794,Nichole Jackson,norrisandrew@example.net,Fiji,3873.5
9494,Deborah Thomas,rvega@example.com,Congo,1385.88
6805,Michelle Sanchez,tracyparker@example.net,Nicaragua,3031.43
1352,Justin Edwards,larryvilla@example.org,Niger,8380.47
6675,William Lynch,rodriguezdonna@example.net,Netherlands,392.09
8467,Susan Martin,jameschristensen@example.com,Bouvet Island (Bouvetoya),5622.89
2349,Amber Peck,virginia88@example.com,Saint Martin,4797.16
1023,Anna Duran,christopher81@example.net,Monaco,7940.73
9329,Alyssa Flores,cassandra96@example.org,Belarus,281.27
2680,Patrick Davis,smorgan@example.org,Mongolia,8508.48
4052,Peter Petty,gregorydavis@example.net,Barbados,6772.2
6704,Sandra Guzman,ucampbell@example.org,Colombia,8543.68
5433,Michelle Davidson,gomezvalerie@example.com,Papua New Guinea,1363.02
3644,Cody Franklin,lynn34@example.com,Tajikistan,3112.0
6641,Michael Stark,stacyluna@example.com,Taiwan,6896.99
9706,Kevin Rogers,sampsongerald@example.org,French Guiana,5684.16
2300,Jennifer Walker,gwilliams@example.com,Wallis and Futuna,400.38
4212,Barbara Nelson,hartmanmeghan@example.org,Macao,5464.81
5057,Michele Jones,christophermacdonald@example.net,Maldives,4656.64
1923,Jade Taylor,ericalove@example.net,Antarctica (the territory South of 60 deg S),3466.87
9684,Jennifer Harrison,barajaslaura@example.org,Germany,7146.27
6249,Denise Snyder,kelseythompson@example.org,Estonia,488.25
4685,Barbara Ward,michaelkennedy@example.com,Honduras,3409.92
7482,Harold Taylor,dudleyyvonne@example.com,Guadeloupe,4885.0
3305,Christopher Jacobson,andersonjean@example.net,Gibraltar,620.07
1946,Ronald Vaughan,ghernandez@example.org,Heard Island and McDonald Islands,9543.27
4331,Andrew Martin,ronald08@example.org,Bahamas,7301.01
8750,Jeffery Kane,hwilliams@example.com,Portugal,6594.41
6072,Tara Cohen,christina45@example.com,Christmas Island,8249.03
9095,Ronald Roberson,flamb@example.org,Oman,3775.49
3019,Chris Austin,ibeard@example.org,Northern Mariana Islands,844.43
7973,Gilbert Cooper,robertstephens@example.com,Saint Helena,4070.81
6652,Diana Butler,chavezbeth@example.org,Colombia,3799.79
7441,Victoria Anderson,bestdebbie@example.org,Montenegro,2154.85
7064,Rachel Stone,martha95@example.org,Western Sahara,3018.61
7920,Jennifer Jordan,jasminwalls@example.com,Japan,3598.77
5351,Lisa Leonard,ztate@example.org,Mexico,5892.05
7373,Breanna Long,mariatrevino@example.com,Burkina Faso,7701.54
2815,Amanda Cohen,sanderson@example.com,Trinidad and Tobago,6676.12
9571,Charles King,contrerasbrenda@example.org,Morocco,4842.92
2675,Gina Jones,angelasingleton@example.com,United Kingdom,6988.09
7170,Stephanie Williams,robertgordon@example.com,Northern Mariana Islands,700.31
2480,Robert Crawford,cyoung@example.org,Falkland Islands (Malvinas),3704.47
5230,Joel Moore,stonefelicia@example.com,Lebanon,813.83
4275,Amber Snyder,oryan@example.org,Niger,1144.1
4178,Oscar Tanner,quinnjennifer@example.com,Spain,8958.46
5827,Jose Thomas,tmcguire@example.net,Norfolk Island,8980.59
8433,Jennifer Jones,lreed@example.org,Benin,6455.17
9563,James Grant,dakotaclements@example.com,Palau,782.03
4439,Joy Burns,robinsonlisa@example.com,Kyrgyz Republic,5585.52
6606,Laurie Nichols MD,sarah82@example.org,Falkland Islands (Malvinas),5537.3
1323,Nathan Hunt,alvaradoamy@example.net,New Zealand,5133.14
9238,Matthew Anderson,samanthamendoza@example.org,Brazil,8667.07
6055,Sonya Nelson,ilevine@example.net,Bahamas,2609.91
7327,Michael Mccullough,garrisonthomas@example.org,Pitcairn Islands,4737.73
4908,Edward Sullivan,wholland@example.net,Greenland,6911.21
6906,Kimberly Morales,turnerlauren@example.net,Equatorial Guinea,4132.82
8500,Julia Davis,scott42@example.com,Serbia,125.06
7291,Tracy Barnes,hansonteresa@example.org,Luxembourg,1157.52
4166,Kenneth Bond,marioperez@example.net,Burkina Faso,6688.18
1883,Jo Taylor,stonebruce@example.com,Macao,7448.17
4480,Patricia Manning,clarksteven@example.net,Malaysia,6844.43
1683,Colleen Huffman,gperez@example.org,Cook Islands,491.61
9885,Mark Griffin,cookemily@example.org,Croatia,2936.58
1497,Christopher Craig,jason56@example.net,Korea,2309.16
6331,Meagan Gardner,mhartman@example.org,North Macedonia,1337.58
9048,David Austin,smithtravis@example.org,Paraguay,6473.3
8222,Shaun Marshall,lwalker@example.net,Western Sahara,2914.67
8735,Dan Diaz,samuel81@example.net,Bangladesh,8159.42
9687,Brenda Johnson,kaylaleonard@example.com,Saint Vincent and the Grenadines,2204.19
3363,Dawn Ray,crystalli@example.org,Philippines,4891.35
3210,Cassidy Vance,emilybarker@example.com,Malawi,4805.83
1133,Danielle Werner,jasmine10@example.net,Algeria,5725.69
6793,Joan Rodriguez,morganhernandez@example.org,Ireland,4523.98
1589,Shane Benitez,osmith@example.org,Thailand,4734.77
8617,Christopher Vega,garciarichard@example.net,Thailand,3735.41
2723,Rick Brown,davidscott@example.org,Puerto Rico,7303.7
9835,Jacqueline Evans,jessicabarrera@example.com,Cameroon,6207.4
4602,Ashley Nelson,carrieraymond@example.net,Senegal,3361.32
5233,Jennifer Heath,william04@example.com,United Arab Emirates,4663.14
8698,Bradley Gomez,andrew16@example.org,Cuba,1893.27
9550,Jason White,joshuajohnson@example.net,Gabon,6176.42
9081,Angela Ramirez,savagejaime@example.com,Taiwan,2370.37
1855,Teresa Macias,chavezstephen@example.com,Venezuela,7678.62
9501,Denise Wade,danielvasquez@example.net,Tonga,1052.73
5565,Heather Dixon,jessica89@example.com,Mayotte,2137.07
4494,Franklin Alvarez,dean20@example.net,Christmas Island,728.1
7614,Robert Davis,gonzalezbrandi@example.net,Japan,3302.17
6420,Steven Wells,natasha71@example.com,Sudan,765.86
6786,Samuel Lam,benjaminbrown@example.net,Slovenia,9191.18
3713,Joshua Sanders,ijohnson@example.com,Niue,8644.01
6400,Maria Miller,harrisonelaine@example.net,Monaco,9100.0
4511,Brian Adams,fernandomathis@example.net,New Zealand,8628.67
8493,Michael Romero MD,ryansmith@example.net,Tanzania,5880.03
6715,Regina Lawrence,millerisaac@example.com,Dominica,7901.46
1546,John Warren,changjacob@example.com,Belarus,6074.12
4896,Brian Fields,dsharp@example.org,China,911.37
6455,Brandon Dyer,charles36@example.org,Sri Lanka,3988.07
9891,Karen Frank,jenniferbrown@example.com,Albania,9330.45
5057,Lisa Smith DVM,phunt@example.net,Spain,6442.23
1732,Edward Brown,hgrimes@example.com,Monaco,8540.94
7684,Robert Martinez,fblack@example.org,Trinidad and Tobago,2153.14
8931,Lauren Wilson,bobby07@example.com,Syrian Arab Republic,783.08
1015,Stephanie Gutierrez,gomezmatthew@example.net,Cayman Islands,5531.61
2923,Sarah Nguyen,nelsonhelen@example.org,Svalbard & Jan Mayen Islands,7886.41
5504,Christina Patton,sarabutler@example.com,Syrian Arab Republic,654.32
8998,Lucas Lang,marcia85@example.net,South Africa,6137.1
1631,Sean Mays,connorbrown@example.com,Saudi Arabia,5656.83
8086,Christy Morales,miguellane@example.com,Bhutan,3187.35
1191,Tiffany Jones,lori79@example.org,Namibia,2771.7
8523,Sean Jackson,david56@example.org,Guinea-Bissau,8666.25
9309,Jordan Smith,stephen64@example.com,Spain,3591.14
3025,Amanda Fitzpatrick,alexandra03@example.com,Sudan,1677.41
1899,Norma Henderson,andersonjulie@example.net,Ecuador,8705.06
8503,Regina Graves,dianareed@example.net,Saint Kitts and Nevis,3266.75
7572,Danielle Rodgers,jamesjohnson@example.com,Micronesia,5707.12
9450,Michael King,jamesmatthew@example.com,Indonesia,2181.19
5748,Amanda Jackson,nathanoneill@example.com,Netherlands,4122.73
6737,David Scott,bakerkathleen@example.org,Vietnam,1806.85
9532,Adam Acosta,blake35@example.net,Barbados,293.06
6305,Janet Payne,ortizamy@example.org,Algeria,8357.07
7596,Bianca Marshall,kevinanderson@example.com,Algeria,8472.13
1414,Judy Green,nicholas56@example.com,Vietnam,1334.39
7548,Terry Owens,stevecollins@example.com,Togo,3968.54
1392,Curtis Lindsey,garzajoel@example.com,Liechtenstein,236.57
2025,Stephen Saunders,danielharding@example.net,Niue,5170.2
6795,Raymond Murphy,snowashley@example.com,Rwanda,2412.43
2866,Mrs. Elaine Rodriguez,lisaswanson@example.org,Thailand,2172.99
4679,Monique Love,pwalker@example.com,Aruba,7294.58
2825,Gary Lewis,jonesjames@example.com,American Samoa,1867.67
5609,Megan Blair,krystalsnyder@example.com,Martinique,6184.92
3243,Nathan Mcdonald,fmartinez@example.org,Kiribati,2632.44
3279,Katherine Bullock,derekchavez@example.org,Christmas Island,7591.94
1493,Amber Little,hernandezbianca@example.net,Papua New Guinea,9005.29
8588,Cynthia Warner,vasquezamanda@example.org,Turkmenistan,3144.2
8949,Melissa Washington,edward87@example.net,Solomon Islands,8844.91
6741,Stephen Solis,lmendez@example.org,Saint Barthelemy,2704.07
4104,Keith Ellis,stanley27@example.org,Bahamas,6917.45
4224,Charles White,juliareynolds@example.org,Tunisia,3237.38
5905,David Bowers,jenniferking@example.com,Paraguay,5848.71
4343,Richard Chavez,johnsonthomas@example.org,Madagascar,7129.25
5426,Jennifer Hopkins,stewartjeffrey@example.org,Iran,7030.38
3616,Tara Anthony,frazierlatoya@example.com,Australia,8023.9
6793,Michael Gilbert,mwalters@example.com,Bulgaria,7302.91
3601,Darren Williams,jackie33@example.net,Anguilla,9859.61
5156,Sandra Ramirez,rroth@example.com,Bangladesh,5994.93
7970,Darlene Gonzalez,melissafrank@example.net,Bhutan,5888.19
5231,Jasmine Sandoval,sandra75@example.com,Mozambique,1679.02
4936,Catherine Garcia,lanejamie@example.net,Anguilla,9327.16
3250,Julie Collins,wblack@example.org,Congo,4113.87
9281,Theresa Wheeler,davidgarcia@example.org,Aruba,7402.35
9995,Adrian Rogers,jerickson@example.org,Netherlands,7890.78
3590,Kathryn Oneal,richardcastillo@example.org,Faroe Islands,7288.06
8917,Mary Daniels,deborah13@example.org,Jordan,821.45
2438,Michael Gill,osbornejennifer@example.org,Senegal,335.37
4245,Jeffery Terry,shawtracey@example.org,Barbados,2671.41
9400,Ashley Bell,blackwellmatthew@example.com,Afghanistan,2816.03
4975,Stephanie Evans,breannajuarez@example.com,Reunion,6311.97
6622,Kelsey Wilson,carrjoshua@example.com,Switzerland,307.89
6094,Gregory Hernandez,haydencynthia@example.net,Korea,2286.01
2297,Gabriel Brown,ulynch@example.net,Iceland,3869.19
8357,Julie Gardner,carpenterashley@example.com,Benin,2018.34
7028,John Phillips,henryangel@example.com,Angola,8750.95
4196,Alexander Sheppard,sosalisa@example.net,Greenland,127.91
8084,Emily Harrison,michaelbishop@example.net,Mauritania,4519.93
2126,Amy Armstrong,mspencer@example.net,Palestinian Territory,8091.44
6859,Brenda Clark,bradley77@example.org,Syrian Arab Republic,3972.08
4449,Michael Miller,toddjasmine@example.org,South Africa,9442.69
3309,Nichole Morton,ddavis@example.com,Kenya,6976.75
1040,Crystal Bartlett,justinpatel@example.net,Moldova,1869.54
6361,Steven Riley,carrillothomas@example.com,Norfolk Island,2226.66
6558,Joshua Nunez,michaela58@example.net,Bahamas,5845.76
2623,William Wilson,amy73@example.net,Chile,2197.16
9205,Chelsea Davis,samuel18@example.org,Tunisia,7394.58
1663,Matthew Bush,beckyrobinson@example.org,Svalbard & Jan Mayen Islands,4160.51
7650,Shelby Rodriguez,kjones@example.net,Sudan,929.26
2421,Amy Gilbert,larry32@example.com,Guatemala,536.93
4801,Tony Dougherty,cochranlisa@example.com,Liberia,2913.95
3889,Robert Hayden,kthompson@example.net,United States Virgin Islands,6499.98
2975,Latasha Graves,craig95@example.org,Slovenia,1630.88
3095,Tina Rowe,jsutton@example.net,Morocco,948.88
5830,Christopher Perez,mirandakelly@example.net,Swaziland,4474.55
8350,Katherine Chan,walkerjill@example.net,Chad,2328.41
5524,Diana Bird,madisonhumphrey@example.org,Martinique,8972.06
1435,Austin Anderson,harrisonsteven@example.com,Belgium,7645.4
1415,Jonathan Lee,montgomeryapril@example.net,Japan,2611.07
1375,Brittany Stein,mbaker@example.org,Congo,9647.51
1302,Aaron Taylor,lucascolon@example.org,Chile,5361.14
1837,Laurie Price,lloyddenise@example.net,Brazil,9638.33
4290,Brian Patel,hadams@example.net,Indonesia,9715.63
4488,Justin Meza,melissa78@example.org,Macao,5145.48
8982,Sarah Bryan,john87@example.org,Nepal,752.29
7121,Ashley Daugherty,sarahrussell@example.org,Guinea,8148.2
6985,Susan Mcclure,astewart@example.net,Bangladesh,323.69
1762,Bradley Pierce,robertsondaniel@example.org,Belize,563.83
5955,Sarah Murray,jenniferking@example.org,Tokelau,3715.89
3501,Eric Ramirez,ygibbs@example.com,Switzerland,5468.04
5219,John Watson,qevans@example.com,Greece,7364.18
3021,Laura Wong,sherryjordan@example.com,Angola,5075.12
5533,Jessica Walters,norman50@example.org,Madagascar,3550.0
1027,Elizabeth Pineda,davilamark@example.org,Japan,7225.81
9429,Arthur Hayden,juan95@example.org,Bhutan,4193.1
5287,Ryan Green,stephaniethomas@example.net,Luxembourg,6323.32
1952,Teresa Andrade,wheath@example.net,Malta,3023.54
6210,Amanda Murphy,veronica64@example.com,Colombia,7724.74
2344,Crystal Waters,jakecortez@example.com,Italy,8134.71
2202,Lori Dennis,adam21@example.org,Northern Mariana Islands,6910.48
2885,Jennifer Smith,fergusonjanet@example.net,Guyana,7812.69
2109,Brandon Coleman,miguel79@example.org,Austria,8613.91
4583,Evelyn Jones,monroedaniel@example.com,British Indian Ocean Territory (Chagos Archipelago),1234.52
6599,Leonard Buck,johnsonmadeline@example.org,India,1457.92
4509,Christina Martin,sharon21@example.net,Sao Tome and Principe,2761.07
8314,Randy Williams,lynn03@example.net,Haiti,6474.11
2442,Kimberly Berger,gwilliams@example.org,Mayotte,8530.31
9333,Sonya Morales,richard76@example.org,Malaysia,1063.14
3942,Connor King,kelseyroberts@example.com,Bolivia,2596.36
3386,Lisa Alexander,jacqueline24@example.com,Saint Lucia,8953.75
1093,Randy Cook,caseycarr@example.net,Saint Vincent and the Grenadines,7853.32
1581,Christy Downs,vicki99@example.net,Falkland Islands (Malvinas),9208.41
1494,Chase Kerr,samuel71@example.net,Mongolia,5287.54
8272,Michael Brown,patricia66@example.com,Singapore,8447.39
6140,Ashley Jackson,brucelarsen@example.net,Cyprus,8635.23
7421,Sean Crawford,holmesjohn@example.net,Saint Lucia,757.51
8864,Maureen Delgado,samanthaolson@example.org,Guinea,9893.36
4104,Jessica Graham,mfoster@example.org,Tonga,5135.22
8773,Robert Oliver,shannonwilson@example.org,Antarctica (the territory South of 60 deg S),2152.51
9634,Laura Anderson,johnsondavid@example.org,Somalia,7042.48
1065,Jacob Warren,robertsthomas@example.org,Samoa,3330.23
5640,Jose Hernandez,twilliams@example.net,Heard Island and McDonald Islands,9253.38
9030,Craig Miller,zanderson@example.com,Serbia,5408.02
2326,Stacey Solis,andrewmolina@example.net,Saint Barthelemy,7321.31
6431,Paul Taylor,bmeyer@example.com,Saint Vincent and the Grenadines,4870.76
9393,Timothy Bradley Jr.,tapiaandrew@example.com,Bouvet Island (Bouvetoya),9186.41
6848,Rachel Anderson,kimberly01@example.com,Madagascar,3018.66
9116,Jamie Ayers,samanthamurray@example.com,Togo,4274.04
6681,Christine Jackson,briggsadam@example.com,Micronesia,3194.2
3916,Laura Perez,anthony72@example.net,Finland,4635.19
9801,Abigail Soto,ppatterson@example.net,Myanmar,3218.95
4712,Nicole Johnson,pwoodward@example.net,Finland,2954.08
7162,Riley Lynch,jlawrence@example.org,Uzbekistan,1460.07
8215,Laura Spencer,smithcarl@example.com,North Macedonia,271.31
1636,Emily Diaz,brucematthew@example.org,American Samoa,6780.74
9964,Jennifer Young,marc67@example.net,Lao People's Democratic Republic,6040.91
8307,Steven Johnson,derekharrison@example.org,Sao Tome and Principe,2494.56
6022,Judith Miller,jordan55@example.net,Belarus,148.03
7263,Thomas Gibson,robinsonkristen@example.org,Georgia,8848.28
1384,Tonya Elliott,jason51@example.org,Ecuador,785.78
3058,Travis Walker,teresagarcia@example.net,Mauritius,7385.13
5683,Martha Jones,jacquelineperez@example.net,Gambia,1776.04
1238,Evan Jimenez,xsherman@example.net,Chad,2747.57
5522,Johnathan White,grahamlaura@example.org,Netherlands Antilles,5770.76
7556,Melissa Morse,torresbryan@example.com,Bulgaria,8504.93
1690,Andrew Douglas,hurstmadison@example.com,Madagascar,2219.94
5419,Shawn Arnold,melissa89@example.org,Philippines,9481.28
2161,Amy Williams,isaacsoto@example.org,Bahamas,7941.61
1394,Kenneth Morgan,robertmitchell@example.org,Morocco,340.91
9401,Deborah Walsh,mmiller@example.net,Cape Verde,3394.25
3462,Michelle Griffin,njones@example.com,Vanuatu,2750.72
6698,Christian Allen,stefanie52@example.com,Botswana,686.97
5978,Kimberly Duarte,ronaldjohnson@example.net,Isle of Man,1748.7
6075,Timothy Page,rebeccajohnson@example.org,Mongolia,7741.56
7049,Courtney Fields,matthew60@example.com,Uganda,1660.22
1060,Joseph Bullock,dsimpson@example.com,Albania,1129.37
5940,Francis Trevino,qmoss@example.com,Monaco,4857.97
4895,Joshua Pitts,griffithpaula@example.org,Belarus,6696.49
6544,Lonnie Garza,nicholas29@example.com,Senegal,9115.27
6566,Jonathan Guerrero,navila@example.org,Lao People's Democratic Republic,8851.9
5025,Linda Martin,ztaylor@example.com,Czech Republic,5699.75
8674,Larry Moore,sherrywoods@example.net,South Africa,2964.4
6980,Brian Leonard,tlucas@example.org,Andorra,6949.83
9483,Tonya Ross,ndouglas@example.com,Timor-Leste,3705.64
3432,Randy Riddle,kenneth50@example.net,Moldova,7039.99
4970,Jessica Harper,etrujillo@example.org,Uzbekistan,2472.33
7254,Tammy Nolan,zschneider@example.org,Greece,7001.07
3981,Raymond Douglas,bcollins@example.net,Cuba,1978.55
1802,Kristen Ruiz,brittany71@example.com,Guatemala,5895.43
2291,Rebecca Flowers,michaelcordova@example.com,Saint Vincent and the Grenadines,3306.87
7505,Theresa Clay,lewisjoshua@example.org,Nepal,4890.06
5654,Andrew Patrick,smithsteven@example.com,Eritrea,340.89
7407,Cindy Hoffman,estradakenneth@example.net,French Southern Territories,9375.94
8861,Cody Curry,michaelmiller@example.net,Bangladesh,335.91
1622,Caitlin Kim,jonesrachel@example.net,Jersey,2993.82
4561,Anthony Hopkins,smatthews@example.net,French Southern Territories,9932.3
1123,Caroline Brown,hullcharles@example.com,Belarus,6341.14
8263,Jonathan Willis,kjohnson@example.com,Nigeria,2972.28
2101,Stefanie Watson,kara32@example.com,Congo,4902.26
2290,Jennifer Evans,qjordan@example.org,Guernsey,3123.33
3845,Jennifer Chung,katherinekent@example.com,Niue,2356.04
3774,Shelley Ferguson,travis68@example.net,Peru,7920.36
1713,Alicia Whitney,victoria83@example.com,Korea,6763.06
9282,Erin Horne,charles56@example.net,Northern Mariana Islands,7171.09
4800,Steven Ross,wilsonmitchell@example.org,Croatia,3260.78
2796,Nancy Lee,sheila32@example.net,Nigeria,7739.14
8376,Daniel Dunlap,leejulie@example.org,American Samoa,537.53
7835,Kelly Robinson,chavezshelia@example.net,Ukraine,9300.1
4308,Andrea Hicks,nathaniel43@example.com,Dominica,2693.78
4753,Morgan Walters,adrian13@example.com,Slovenia,8077.3
4451,Shelby Martinez,zramsey@example.org,Switzerland,1345.93
1798,Erica Brown,holly75@example.org,British Indian Ocean Territory (Chagos Archipelago),4314.96
6877,Gerald Clark,kimbrad@example.org,Turkey,7334.83
9225,Anthony Andrews,grocha@example.com,Montserrat,3645.57
2594,Cheyenne Weiss,xsanford@example.net,Martinique,5631.74
7882,Jerry White,rmills@example.net,Gabon,8307.4
5589,Nicole Jones,gcarter@example.net,Sudan,1911.24
7502,Marilyn Sanchez,bvalentine@example.net,Nauru,4401.8
7069,Nicole Cooke,wkane@example.com,Saint Lucia,2249.91
4574,Jennifer Hernandez,larrybeltran@example.net,Belgium,3510.61
5449,Charles Diaz,miguelkelly@example.net,French Southern Territories,8716.11
7935,Mr. Joshua Jackson,kevinmann@example.com,Kiribati,3145.36
7523,Jessica Wright,christopherwalton@example.org,Christmas Island,4882.52
2694,Edward Stein,adamskaren@example.net,North Macedonia,1749.08
4322,Stacy Herman,jessethompson@example.net,Svalbard & Jan Mayen Islands,5671.32
1349,Daniel Dodson,deborah50@example.net,Holy See (Vatican City State),8213.79
9332,Kevin Wiley,scott39@example.org,Tunisia,4078.08
3994,Christian Daniels,robbinsthomas@example.net,Albania,2648.45
4333,Stanley Ramirez,michael83@example.net,French Guiana,486.67
3510,Alexis Johnson,kingdennis@example.org,Lao People's Democratic Republic,4170.89
4587,Jennifer Martinez,npowers@example.net,Mexico,920.04
6267,Tina Campbell,thomasvillarreal@example.net,Sweden,7173.05
4330,Courtney Spencer,shawn09@example.net,Mexico,7415.87
4755,Austin Collins,heatherwatkins@example.net,Montenegro,8094.58
9166,Lori Wilson,bavery@example.org,Italy,2076.9
5765,Cameron Jones,callahankrystal@example.com,Singapore,4038.63
2820,Justin Sanders,karencook@example.net,Brunei Darussalam,7283.78
2450,Christine Miller,michealolson@example.com,Albania,6761.22
8673,Matthew Martinez,kevinwiggins@example.net,Mozambique,7671.52
1677,Timothy Williams,lortiz@example.net,Jersey,2548.22
5578,Jordan Church,robertsrhonda@example.org,Turks and Caicos Islands,2410.67
7090,Patrick Ortiz,alisonwarren@example.com,Swaziland,5111.14
8876,Jack Thompson,ppreston@example.org,Cyprus,113.91
6859,Susan Caldwell MD,williamsandrew@example.net,Niue,8465.87
5675,Jose Hartman,aprilflores@example.org,Brazil,6884.35
8684,Carrie Doyle,jgiles@example.com,Belarus,9038.63
7439,Kenneth Rogers,lewisthomas@example.net,Sao Tome and Principe,2701.98
2696,Jessica Thompson,knightjohn@example.org,Wallis and Futuna,740.3
5033,Todd Thomas,jamesbennett@example.com,Lebanon,3228.07
4234,Carla Sandoval,leebrian@example.org,Serbia,6172.37
5347,Jeffrey Wood,kenneth63@example.com,United States of America,565.31
6460,Cheryl Hamilton,lhall@example.net,Turks and Caicos Islands,4067.24
9187,Melissa Williams,josephdoyle@example.net,Central African Republic,6738.55
7323,Kimberly Miller,richardsoncarrie@example.com,Kyrgyz Republic,9288.77
7647,Jennifer Harding,michael75@example.org,Palau,3787.61
9891,Jennifer Castro,robertmarshall@example.net,Burundi,1024.27
8848,Stephen Mcbride,cbishop@example.com,United States Virgin Islands,2030.36
3066,Shannon Thomas,sharonrogers@example.com,Guam,5426.37
6637,Jeremy Wilson PhD,nicholasjohnson@example.org,Wallis and Futuna,1131.31
6004,Deborah Cooper,joseph14@example.net,India,4693.39
3797,Matthew Moore,jamie40@example.net,Israel,9545.8
1913,Donald Hale,gwelch@example.com,Latvia,9531.16
7886,Tamara Gill,tgarza@example.net,Micronesia,4003.27
4307,Megan Coleman,arianaday@example.org,Nigeria,8722.21
7501,Stacy Benton,ecrane@example.net,Bosnia and Herzegovina,2312.65
3328,Christopher Jennings,aliciamartinez@example.org,Martinique,3474.16
2668,Brittany Maldonado,mooreedward@example.com,Malta,1478.22
9856,Bernard Harris,wrightgeorge@example.com,Honduras,2776.28
8424,Jonathan Stewart,johnsonjasmine@example.net,French Guiana,1351.76
5456,Walter Hernandez,bakerscott@example.org,Palestinian Territory,6000.36
5954,Sarah Wood,nwilliams@example.net,United States of America,4132.96
8152,Christopher Trevino Jr.,howetimothy@example.org,Guernsey,3634.0
9244,Manuel Wilson,kleinjoanna@example.com,Solomon Islands,3155.82
9829,Ryan Gonzales,kimberlypace@example.net,Sudan,5385.97
4083,Tamara Davis,samanthaflores@example.org,Guinea-Bissau,491.69
2082,John Hahn,pmacias@example.org,Chile,9982.09
1740,Christopher Haynes,stephensonseth@example.net,Bolivia,9783.26
7141,Ashley Schneider,shannongillespie@example.org,Brunei Darussalam,386.43
9504,Stephanie Brewer,jasmine90@example.net,Oman,9708.0
2205,Sylvia Carroll,rflowers@example.org,Botswana,840.26
9115,Chad Barnes,reedmary@example.net,Korea,5765.3
6957,Kevin Randolph,merrittwanda@example.org,Samoa,5941.16
5611,Stephanie Conley,thomas41@example.org,Hungary,6890.96
4143,Shelly Fischer,mhernandez@example.com,Azerbaijan,9193.25
6474,Clayton Mullins,michael74@example.org,Congo,1827.12
5197,Zachary Stewart,andrea15@example.org,Nauru,6539.46
4210,Tyler Rodgers,david89@example.com,Heard Island and McDonald Islands,6292.77
6657,Matthew Clay,larsenkatie@example.net,Switzerland,3603.73
9306,Tyler Bradford,johngill@example.org,Antarctica (the territory South of 60 deg S),3513.09
6912,Adam Smith,michael94@example.com,Norway,8307.94
2800,Nathan Robinson,stanleylindsey@example.org,Poland,1329.33
1720,Carrie Walsh,scottwiggins@example.org,Libyan Arab Jamahiriya,6696.14
5721,Michael Johnson,andre61@example.org,Oman,9647.75
5600,Dustin Gutierrez,jonathanolsen@example.net,Haiti,5096.01
7940,Kelly Smith,danielsdavid@example.net,Kenya,7241.36
9536,Hannah Miller,deborahbrown@example.org,Dominican Republic,8827.0
7875,Jonathan Garrison,lauren47@example.net,Gambia,2327.46
7860,David Goodman,adamscollin@example.net,Falkland Islands (Malvinas),1585.64
5348,Keith Santiago,angelaraymond@example.com,El Salvador,3065.61
4904,Angela Suarez,carrie70@example.com,United Arab Emirates,8089.02
1559,Holly Olson,hbauer@example.net,Denmark,6945.69
3879,Brian Hernandez,qdalton@example.org,Svalbard & Jan Mayen Islands,7805.05
8335,Max Mayer,timothyclark@example.com,Syrian Arab Republic,6878.95
4592,Victoria Fletcher,imartin@example.net,Latvia,6883.53
7485,Karen Gaines,amy69@example.net,Costa Rica,2595.89
4200,Jeremy Graham,haley19@example.net,Switzerland,7490.51
9860,Matthew Floyd,johnsongrant@example.com,Iran,1133.52
5645,Andrew Harris,tiffanydavis@example.org,Bahrain,1209.67
9075,Todd Robinson,jamesstrickland@example.net,Maldives,7511.4
1761,Brandi Rhodes,yneal@example.com,Sudan,3905.41
2835,Adrian Robinson,lewisscott@example.org,Swaziland,5467.87
3503,Darrell Smith,schultzjonathon@example.net,Panama,9917.69
6158,Monica Johnson,lisa37@example.net,Netherlands Antilles,3197.51
6313,Jason Santiago,erin76@example.net,Saint Lucia,4215.56
5449,Christine Camacho,richardsondonald@example.com,Saint Helena,1457.04
2069,James Garza,phillipsjeffrey@example.net,El Salvador,5193.15
9019,Theresa Williams,lisa01@example.com,Norfolk Island,6546.5
5145,Zachary Summers,msparks@example.org,Cape Verde,2752.48
5949,Allen Clark,amanda96@example.com,Saint Martin,7351.68
6822,Brian Carr,sandersedward@example.net,Tunisia,4237.22
3847,Douglas Vazquez,dhuang@example.com,Peru,8084.16
5557,Jacob Davis,elizabethsimmons@example.org,Nicaragua,3365.6
8660,Bradley Stanley,joneswesley@example.net,Swaziland,6016.5
1585,Heather Rivera,cameronanderson@example.net,Martinique,4454.21
7853,Lindsay Wright,ricky23@example.com,Costa Rica,8215.21
2669,Jesus Swanson,ryang@example.org,Bangladesh,881.45
6433,Mr. Mark Thomas,moniquethomas@example.com,Myanmar,3180.48
7405,Lisa Adkins,ntucker@example.com,Philippines,2311.21
9443,Crystal Perry,caldwellrichard@example.org,Yemen,6975.79
7370,Douglas Scott,jimenezdavid@example.com,Martinique,8245.72
9324,Gina Suarez,april26@example.org,Guyana,5384.86
8100,Stacy Lewis,becktheresa@example.com,Cuba,8593.38
5659,Tara Wilson,annapowell@example.com,Myanmar,2627.64
4321,Jeffrey Walker,hineszachary@example.net,Pitcairn Islands,2496.5
3407,Christopher Newton,joelscott@example.com,Slovakia (Slovak Republic),809.77
6147,Michelle Robinson,fernandezjohn@example.com,Puerto Rico,875.67
8667,Joshua Anderson,mooreashley@example.net,Monaco,6292.18
3036,Jessica Thompson,johnsonjennifer@example.com,Djibouti,3780.93
8942,Donald Schmitt,morgangregory@example.org,Netherlands,1197.12
7099,Sara Taylor,tiffany37@example.com,Japan,1926.24
3355,Jason Khan,williampruitt@example.org,Nicaragua,8247.62
6359,Stephanie Wright,nicholasrodriguez@example.org,Saint Helena,6951.41
4641,Mark Lopez,jaylewis@example.com,Guatemala,9461.29
5072,Carrie Bush,wnichols@example.net,Palau,8918.46
7681,Jerome Perez,gregorylozano@example.org,Honduras,7243.7
8130,John Middleton,mccallholly@example.com,Sudan,1441.12
5845,David Torres,michelle58@example.org,Nicaragua,4751.56
3143,Andrea Henry MD,cameron35@example.net,Guinea,8669.52
8333,Andrew James,alexandria37@example.net,Mexico,3048.7
6986,Samuel Mahoney MD,zarnold@example.com,Cocos (Keeling) Islands,8415.85
1675,Teresa Rivera,carrolljennifer@example.net,Serbia,3428.56
5080,Tammy Quinn DVM,michaelcarter@example.com,United States Virgin Islands,3320.44
3202,Dr. Thomas Alexander MD,russell48@example.com,Pakistan,5032.53
1460,Christopher Bass,hflores@example.org,Chile,349.46
1214,Christina Brown DDS,gary91@example.net,Greece,3079.68
9689,Roberta Clark,bjones@example.org,Saint Pierre and Miquelon,1174.63
3840,Beverly Campos,daynicole@example.com,Jordan,2181.52
3822,Veronica Mendez,bradleymaria@example.org,Ethiopia,7304.94
6419,John Chandler,davidsonsarah@example.net,Yemen,9852.27
9677,Teresa Davis,schroederchristopher@example.com,Brazil,3635.11
9623,Robert Austin,james20@example.com,Malaysia,5849.62
1126,Sherry Lynch,williamwebb@example.net,Burkina Faso,7733.35
4983,Marisa Banks,rgreen@example.org,Nepal,2167.65
7453,George Summers,devonporter@example.com,Russian Federation,857.9
4443,Ryan Mills,matthewcarter@example.net,Bouvet Island (Bouvetoya),4821.95
6135,Mark Lindsey,gbrown@example.net,Indonesia,4474.81
8048,Melissa Smith,cthomas@example.org,Mayotte,2320.47
4286,Charles Fry,ruth65@example.org,Malaysia,2899.39
9115,Christopher Cabrera,kellersharon@example.net,Lesotho,823.97
4201,Dennis Combs,zfreeman@example.com,Angola,7473.2
9950,Robert Becker,nataliedodson@example.com,Falkland Islands (Malvinas),1524.38
4706,Frederick Hoffman,iclark@example.net,French Polynesia,5854.83
8669,Amy Rollins,romerobryan@example.org,American Samoa,6661.31
6795,Rachel Rich,brownjohn@example.net,Costa Rica,2262.13
3959,Sarah West,cummingsvincent@example.com,Cyprus,2072.33
5120,Mr. Nathan Hobbs MD,franklin51@example.net,Pitcairn Islands,8969.72
2183,Lori Vasquez,rileystewart@example.com,Kuwait,1222.29
3701,Philip Martin,jonescarol@example.com,Libyan Arab Jamahiriya,1733.69
5925,Cole Graham,francis77@example.net,Zimbabwe,5550.04
8533,John Lee,gutierrezdanielle@example.com,New Caledonia,1165.39
2708,Melissa Miller,ywong@example.com,Norway,2931.84
9244,Rachel Mason,frank29@example.net,Benin,5674.65
8247,Christopher Page,debra56@example.com,Equatorial Guinea,1445.34
3495,Stacey Buck,thomas49@example.com,Ethiopia,9751.89
6542,Patricia Underwood,gloriapeters@example.com,Vanuatu,8154.71
1410,Devin Escobar,xsanders@example.com,Togo,3298.06
6403,David Rice,victoriareyes@example.com,Estonia,8462.95
1208,Sean Newman,garciahaley@example.net,Brunei Darussalam,4360.09
7071,Elizabeth Pope,mguzman@example.com,Papua New Guinea,2938.99
9132,Lisa Thompson,jade08@example.net,Swaziland,3992.58
6503,Darren Wood,linda66@example.com,Bangladesh,338.25
7135,David Stewart,bullocksandra@example.net,Sweden,4510.06
9765,Dustin Sullivan,alexanderbentley@example.net,Venezuela,7717.29
6155,Henry Henderson,dale09@example.com,Mongolia,1878.48
9168,Amy Moore,deborah96@example.net,Nepal,1728.38
2979,Larry Salazar,alfred70@example.net,Kyrgyz Republic,3533.75
5878,Thomas Richard,ashley32@example.net,Nigeria,7482.84
3637,Crystal Howard,ipratt@example.com,New Zealand,4314.63
1874,Sierra Mendoza MD,collinsjamie@example.org,Nauru,4625.3
3368,Chelsea West,garretthoffman@example.org,Marshall Islands,7947.84
1828,William Hayes,deniserodriguez@example.org,Morocco,7736.64
3380,Denise Miller,whitneymedina@example.com,Bulgaria,3037.94
5908,Sara Wu,zsuarez@example.org,Pitcairn Islands,1120.98
9900,Jose Anderson,uhinton@example.com,Sweden,5092.31
5297,Casey Baker,justin46@example.net,Bulgaria,8843.5
2676,Joseph Robinson,tjackson@example.org,Tuvalu,3079.65
5024,Ashley White,bobby99@example.com,Jersey,1097.84
4489,Margaret Roberts,forbesdaniel@example.com,Cuba,8592.64
9926,Kyle Black,dmcdowell@example.org,Ireland,3796.5
8613,Mrs. Alicia King,matthewstevens@example.org,Sierra Leone,1143.64
5653,Regina Larsen,rubenbond@example.net,Albania,8552.73
5244,Mark Duncan,morganpruitt@example.net,Benin,5374.96
8682,Matthew Taylor,griffinsherri@example.net,Nauru,9368.55
4956,Donna Green,bradleyamber@example.net,Guatemala,3658.29
9053,John Sanchez,ejordan@example.com,Nauru,690.04
1118,Matthew Brown,kelly09@example.net,Afghanistan,7198.69
8210,Vanessa Baldwin,mmiller@example.net,Costa Rica,6260.95
2004,Angie Ward,ojackson@example.net,Jordan,1391.53
8803,Regina Richards,garciaeric@example.com,Micronesia,1824.04
9193,Michelle Estrada,jchandler@example.com,South Africa,9499.14
1679,Curtis Wagner,amy92@example.org,New Caledonia,6367.52
8786,Dylan Sutton,dwalker@example.com,Ghana,4959.92
2018,Emily Gibson,xsmith@example.org,Georgia,290.1
9003,Ryan Harmon,narroyo@example.com,Kyrgyz Republic,8221.19
3225,Leslie Mejia,xfoster@example.org,Saint Vincent and the Grenadines,5968.93
1738,Vincent Taylor,tdavis@example.net,Dominica,1128.5
4609,Debra Garcia,sbrown@example.com,Barbados,3741.61
1171,Kristy Garcia,isalas@example.org,Greenland,8113.18
7302,Terry Casey,jeremy18@example.com,Guadeloupe,2763.14
4957,Tammy Mitchell,daniel17@example.net,Bahrain,4995.82
2259,Samuel Washington,okim@example.org,Jersey,3184.64
3976,Alyssa Contreras,xfrench@example.com,Philippines,5217.06
3266,John Gordon,wfields@example.net,Ghana,3703.62
4901,Colin Wilson,benjamin52@example.net,Syrian Arab Republic,5279.51
8997,Joseph Anderson,hendersonkevin@example.net,Serbia,1800.28
1698,Megan Brown,upaul@example.org,Martinique,6622.17
2126,Linda Daniels,ccervantes@example.net,Turkmenistan,9971.91
3058,Dalton Meyer,davidcampbell@example.com,Cyprus,9886.34
6637,Mr. Shawn Craig,amywalter@example.net,Sierra Leone,7735.39
8105,Ashley Williams,reesejasmine@example.net,Germany,4463.54
9733,Carol Logan,reedsamantha@example.org,Italy,3850.52
9331,Michael Mclaughlin,ljohnson@example.org,Israel,9028.69
6563,Anna Delgado,jbailey@example.org,Iraq,5378.54
3605,Tara Pugh,dana62@example.org,Cambodia,1930.74
7081,Ann Diaz,theresamorris@example.org,Guadeloupe,1748.34
2869,Emily Smith,nicholasjenkins@example.com,Mongolia,7151.08
8386,Katrina Norton,kristinmaddox@example.org,Gambia,6163.66
8088,Robert Castro,woodsdavid@example.net,Zambia,6670.62
2645,Mike Bradley,gordonannette@example.net,Yemen,8816.42
3479,Olivia Hill,garyweiss@example.com,United Arab Emirates,7272.8
2882,Tina Bell,mcdanielcharles@example.com,Romania,4231.13
1054,James Villegas,romerobrenda@example.net,Austria,7440.06
4471,Diane Williamson,ptaylor@example.net,Madagascar,8188.72
1958,Melanie Fox,mtaylor@example.com,Zimbabwe,8504.79
2649,Cassie Larson,marypowell@example.com,Albania,4199.73
4079,Joshua Clark,jenna49@example.com,Tunisia,8880.57
7606,Heather Lopez,oflores@example.net,Antigua and Barbuda,6526.11
6847,Debra Crawford,thoward@example.com,Nauru,8851.89
9942,Albert Estrada,kelly49@example.org,New Caledonia,8682.63
9019,Amy Shields,jyoder@example.com,Guyana,8449.01
5633,Timothy Boyd,ymiller@example.org,British Indian Ocean Territory (Chagos Archipelago),6810.83
3592,Sandra Woods,mhayes@example.org,Lesotho,9420.21
2633,Stephen Stephens,ipeterson@example.org,Uzbekistan,6851.91
5311,Barry Trujillo,gavinnichols@example.net,Bhutan,9348.57
4715,Jesse Fischer,sean29@example.net,Togo,4151.67
3769,Joseph Solis,angelajohnson@example.org,Belgium,8515.2
5602,Gabriel Sanders,shubbard@example.com,France,7023.9
6585,Charles Ramirez,johnsoncrystal@example.net,Cook Islands,8398.86
7179,Misty Johnson,chadfox@example.com,Saint Pierre and Miquelon,7498.02
8420,Linda Roth,susan94@example.com,Armenia,1673.93
9875,Adam Waters,anthony52@example.com,Kazakhstan,8055.84
9105,Nicole Booker,samuel17@example.net,Netherlands Antilles,3848.22
3149,James Burton,douglas50@example.net,Jamaica,2760.69
9579,David Thompson,hdavis@example.com,Western Sahara,122.07
1385,Laura Williams,ocole@example.com,Trinidad and Tobago,3882.71
3825,Sean Copeland,justinyang@example.com,Korea,3463.08
1132,Susan Spencer,wboyle@example.org,Russian Federation,9636.2
1695,Jacob Davis,arobinson@example.net,Fiji,2771.33
3112,Brittany Irwin,thomaskara@example.com,Uzbekistan,9891.99
9103,Kenneth Rodriguez,jesuslara@example.com,Moldova,9894.26
4792,Michael Hill,adam25@example.org,Bosnia and Herzegovina,281.52
2959,Sherry Nelson,fgutierrez@example.org,Tajikistan,8126.71
3348,James Daugherty,buchananjames@example.com,Kuwait,3575.66
2751,Mallory Vasquez,lmoss@example.org,Spain,7307.38
8750,Jessica Mcgee,yfowler@example.org,Bangladesh,767.98
5793,Zoe Nguyen,staceyhatfield@example.com,Reunion,5350.53
3338,Brandy Taylor,emilygarcia@example.com,Slovenia,7887.71
7870,Luis Hudson,wperez@example.net,Mauritania,3489.19
5894,Jill Roberts,james25@example.org,Andorra,1286.34
7066,Jeffery Jenkins,stephenjohnson@example.net,Anguilla,8254.78
4918,Christina Bryan DDS,stevenrobinson@example.net,New Caledonia,5854.82
6533,Jason Guerra,traciarnold@example.org,Estonia,146.93
1643,Jerry Mendez,xbrown@example.net,Turkey,3731.06
9166,Wesley Brooks,victor13@example.com,Netherlands,8180.34
8714,David Williams,ijohnson@example.com,Kuwait,793.03
4024,Matthew Garcia,dustin10@example.net,Saint Vincent and the Grenadines,985.89
5902,Destiny White,qcurtis@example.org,Gabon,5144.64
2339,Kelly Armstrong,dgriffith@example.org,Botswana,5696.84
4448,Paige Reynolds,jeffreymoon@example.net,Italy,1631.12
9435,Jonathan Atkinson,kelsey19@example.org,Greenland,9971.52
6044,Dylan Schroeder,xmalone@example.net,Namibia,4954.2
1534,Melissa Barrett,smithjamie@example.net,Cook Islands,2145.82
9183,Heather Walker,wilsonjamie@example.net,Trinidad and Tobago,9955.09
5369,Mary Berger,kerrjeffrey@example.com,Holy See (Vatican City State),3554.33
5124,Timothy Wilson,henryreed@example.net,Ireland,1159.77
3893,Mark Alexander,martinmiller@example.com,Finland,6676.67
5551,Teresa Alvarado,valenciarandy@example.net,Netherlands,1648.84
3174,Stacey Arnold,patrickjones@example.com,Niue,6369.18
8062,Robert Smith,hernandezjose@example.org,Albania,610.25
9444,Dawn Woods,ygarcia@example.net,Spain,7813.24
1026,Thomas Stephens,waterschristine@example.com,Seychelles,6360.54
1729,Patrick Potter,jody84@example.net,Syrian Arab Republic,6456.8
9947,Mary Pena,connie62@example.org,Kenya,2334.6
2719,Ronald Mckinney,jeremy57@example.org,Romania,2791.94
7546,David Perez,allison03@example.org,Tuvalu,2167.12
6978,Patricia Boyd,hansenwhitney@example.net,Costa Rica,7738.58
4064,Julie Briggs,gilllaura@example.com,Honduras,3643.59
4516,Peggy Hardin,jasonnguyen@example.com,Bahrain,627.32
6177,Mark Kirby,ylove@example.net,Western Sahara,4155.06
6520,Cynthia Pierce,rvance@example.org,Antigua and Barbuda,7507.75
3518,Joseph Green,justinsavage@example.com,Belize,8947.0
3921,Stephanie Petty,cynthiaanderson@example.com,Italy,4937.38
8897,Dr. Tracy Rodriguez,ksmith@example.org,Andorra,9685.65
6092,Denise Schroeder,patrickmeyer@example.com,Malta,7145.07
8526,Zachary Harris,justinallison@example.net,Western Sahara,7062.31
6542,Vincent Rose,mary96@example.com,Italy,5146.56
6074,Nicholas Davis,daniel85@example.net,Costa Rica,8596.8
9062,Tina Ross,williamhayes@example.com,Bolivia,9966.53
6487,Jacqueline Berry,james73@example.org,Hungary,9448.38
7826,Derek Gates,jwalton@example.com,Turks and Caicos Islands,1443.92
9836,Gregory Torres,campbelldonald@example.org,British Indian Ocean Territory (Chagos Archipelago),8524.65
9884,Beverly Abbott,danielgardner@example.net,Uganda,7671.67
8952,Victoria Cohen,carol51@example.org,Myanmar,3734.64
3951,Betty Fisher,frederickblake@example.org,Norfolk Island,9856.08
9472,Brenda Holmes,eric09@example.net,Estonia,6497.45
1618,Erica Patrick,hojuan@example.com,Costa Rica,8357.05
7453,Dennis Gonzalez,andersenbruce@example.net,Mauritius,529.46
1818,Richard Newton,pwinters@example.org,Guadeloupe,730.79
1929,Matthew Mccarthy,kdominguez@example.org,French Guiana,137.19
8995,James Shelton,suzanneclayton@example.net,Bahamas,9893.92
